"Component","Df","Sum_Sq","Mean_Sq","Variance","Percentage","Phi_statistic.Phi","Phi_statistic.NA","Phi_statistic.NA.1"
"Between Populations",9,530.283439388578,58.9203821542865,2.31345658871528,21.3355158531359,0.213355158531359,NA,NA
"Within Populations",227,1936.25593966596,8.5297618487487,8.5297618487487,78.6644841468641,0.213355158531359,NA,NA
"Total",236,2466.53937905453,10.4514380468412,10.843218437464,100,0.213355158531359,NA,NA
