"Dataset","S","pi","k","n_haplotypes","Hd","Hd_var"
"Deduplicated",97,0.00578814246232873,9.23208722741433,75,0.98355832467982,2.98426776187699e-05
"Not deduplicated",97,0.00520147851482184,8.29635823114084,75,0.92809364548495,0.000172973551863401
