"Dataset","S","pi","k","n_haplotypes","Hd","Hd_var"
"Deduplicated",658,0.0334825691716441,51.9649473543916,90,0.987338397974144,1.85203171325692e-05
"Not deduplicated",658,0.0208853940853155,32.4141316204096,90,0.937462125802933,0.000135954274987704
