"scope","S","pi","k","n_haplotypes","Hd","Hd_var"
"GLOBAL",925,0.0334825691716441,70.2129475529376,114,0.998667199786752,1.02147193242355e-06
